trial,testing,parameters,initial_deadline,final_deadline,net_reward,actions,success
1,False,"{'a': 0.5, 'e': 0.98}",20,-100,-611.467434074289,"{0: 72, 1: 15, 2: 18, 3: 7, 4: 8}",0
2,False,"{'a': 0.5, 'e': 0.9603999999999999}",20,-100,-646.3797074642933,"{0: 68, 1: 10, 2: 29, 3: 6, 4: 7}",0
3,False,"{'a': 0.5, 'e': 0.9411919999999999}",35,-100,-799.5410975292489,"{0: 78, 1: 13, 2: 28, 3: 4, 4: 12}",0
4,False,"{'a': 0.5, 'e': 0.9223681599999999}",25,-100,-559.5639492001109,"{0: 72, 1: 14, 2: 29, 3: 5, 4: 5}",0
